
<!--
  Fast configuration for local mode, ie. all members reside on the same host. Setting ip_ttl to 0 means that
  no multicast packet will make it outside the local host.
  Therefore, this configuration will NOT work to cluster members residing on different hosts !

  Author: Bela Ban
  Version: $Id: fast-local.xml,v 1.9 2009/12/18 14:50:00 belaban Exp $
-->

<config xmlns="urn:org:jgroups"
        xmlns:xsi="http://www.w3.org/2001/XMLSchema-instance"
        xsi:schemaLocation="urn:org:jgroups http://www.jgroups.org/schema/JGroups-2.8.xsd">
    <TCP bind_port="7800" port_range="10"
         recv_buf_size="20000000"
         send_buf_size="640000"
         loopback="false"
         discard_incompatible_packets="true"
         max_bundle_size="64000"
         max_bundle_timeout="30"
         enable_bundling="true"
         enable_unicast_bundling="true"
         enable_diagnostics="true"
         thread_naming_pattern="cl"

         thread_pool.enabled="true"
         thread_pool.min_threads="2"
         thread_pool.max_threads="8"
         thread_pool.keep_alive_time="5000"
         thread_pool.queue_enabled="true"
         thread_pool.queue_max_size="100000"
         thread_pool.rejection_policy="discard"

         oob_thread_pool.enabled="true"
         oob_thread_pool.min_threads="1"
         oob_thread_pool.max_threads="8"
         oob_thread_pool.keep_alive_time="5000"
         oob_thread_pool.queue_enabled="false"
         oob_thread_pool.queue_max_size="1000"
         oob_thread_pool.rejection_policy="discard"/>

   <MPING timeout="2000"
    mcast_addr="228.110.11.5"
    mcast_port="45566"
    ip_ttl="8"
    num_initial_members="1"/>

    <MERGE2 max_interval="30000"
            min_interval="10000"/>

    <FD_SOCK/>
    <FD_ALL interval="2000" timeout="5000" />
    <VERIFY_SUSPECT timeout="500"  />
    <BARRIER />
    <pbcast.NAKACK use_mcast_xmit="false"
                   retransmit_timeout="100,300,600,1200"
                   discard_delivered_msgs="true" />

    <pbcast.STABLE stability_delay="1000" desired_avg_gossip="50000"
                   max_bytes="10m"/>
    <pbcast.GMS print_local_addr="true" join_timeout="5000"
                max_bundling_time="30"
                view_bundling="true"/>
    <UFC max_credits="2M"
         min_threshold="0.4"/>
    <MFC max_credits="2M"
         min_threshold="0.4"/>
    <FRAG2 frag_size="60000"  />
    <pbcast.STATE_TRANSFER  />
</config>


<!-- 
<MPING timeout="2000"
    bind_to_all_interfaces="true"
    mcast_addr="228.8.8.8"
    mcast_port="7500"
    ip_ttl="8"
    num_initial_members="3"/>

<TCPPING timeout="2000"
    initial_hosts="192.168.5.1[7800],192.168.0.2[7800]"
    port_range="2"
    num_initial_members="3"/>
    
<MPING bind_addr="${jgroups.bind_addr:127.0.0.1}" break_on_coord_rsp="true"
          mcast_addr="${jgroups.mping.mcast_addr:228.2.4.6}"
          mcast_port="${jgroups.mping.mcast_port:43366}"
          ip_ttl="${jgroups.udp.ip_ttl:2}"
          num_initial_members="3" timeout="2000"/>
          
http://www.ktword.co.kr/abbr_view.php?nav=0&m_temp1=3607&mgid=064              
 -->
